{
  "2048_libretro.dll": "2048",
  "81_libretro.dll": "EightyOne",
  "a5200_libretro.dll": "a5200",
  "bk_libretro.dll": "bk",
  "bluemsx_libretro.dll": "blueMSX",
  "boom3_libretro.dll": "boom3",
  "boom3_xp_libretro.dll": "boom3",
  "bsnes_hd_beta_libretro.dll": "bsnes-hd beta",
  "bsnes_libretro.dll": "bsnes",
  "bsnes_mercury_accuracy_libretro.dll": "bsnes-mercury",
  "bsnes_mercury_balanced_libretro.dll": "bsnes-mercury",
  "bsnes_mercury_performance_libretro.dll": "bsnes-mercury",
  "cannonball_libretro.dll": "Cannonball",
  "cap32_libretro.dll": "cap32",
  "cdi2015_libretro.dll": "Philips CD-i 2015",
  "chailove_libretro.dll": "ChaiLove",
  "citra2018_libretro.dll": "Citra2018",
  "citra_libretro.dll": "Citra",
  "desmume2015_libretro.dll": "DeSmuME 2015",
  "desmume_libretro.dll": "DeSmuME",
  "dinothawr_libretro.dll": "Dinothawr",
  "dolphin_libretro.dll": "dolphin-emu",
  "dosbox_core_libretro.dll": "DOSBox-core",
  "dosbox_pure_libretro.dll": "DOSBox-pure",
  "dosbox_svn_libretro.dll": "DOSBox-SVN",
  "easyrpg_libretro.dll": "EasyRPG Player",
  "ecwolf_libretro.dll": "ecwolf",
  "ep128emu_core_libretro.dll": "ep128emu",
  "fbalpha2012_cps1_libretro.dll": "FB Alpha 2012 CPS-1",
  "fbalpha2012_cps2_libretro.dll": "FB Alpha 2012 CPS-2",
  "fbalpha2012_cps3_libretro.dll": "FB Alpha 2012 CPS-3",
  "flycast_libretro.dll": "Flycast",
  "fmsx_libretro.dll": "fMSX",
  "freechaf_libretro.dll": "FreeChaF",
  "fuse_libretro.dll": "fuse",
  "gambatte_libretro.dll": "Gambatte",
  "gearboy_libretro.dll": "Gearboy",
  "gearcoleco_libretro.dll": "Gearcoleco",
  "gearsystem_libretro.dll": "Gearsystem",
  "genesis_plus_gx_libretro.dll": "Genesis Plus GX",
  "genesis_plus_gx_wide_libretro.dll": "Genesis Plus GX Wide",
  "gong_libretro.dll": "gong",
  "gpsp_libretro.dll": "gpSP",
  "handy_libretro.dll": "Handy",
  "hatari_libretro.dll": "Hatari",
  "jaxe_libretro.dll": "JAXE",
  "jumpnbump_libretro.dll": "Jump 'n Bump",
  "kronos_libretro.dll": "Kronos",
  "mame2000_libretro.dll": "MAME 2000",
  "mame2003_midway_libretro.dll": "MAME 2003 Midway",
  "mame2010_libretro.dll": "MAME 2010",
  "mame_libretro.dll": "MAME",
  "mednafen_gba_libretro.dll": "Beetle GBA",
  "mednafen_lynx_libretro.dll": "Beetle Lynx",
  "mednafen_ngp_libretro.dll": "Beetle NeoPop",
  "mednafen_pcfx_libretro.dll": "Beetle PC-FX",
  "mednafen_psx_hw_libretro.dll": "Beetle PSX HW",
  "mednafen_psx_libretro.dll": "Beetle PSX",
  "mednafen_saturn_libretro.dll": "Beetle Saturn",
  "mednafen_supafaust_libretro.dll": "Supafaust",
  "mednafen_supergrafx_libretro.dll": "Beetle SuperGrafx",
  "mednafen_vb_libretro.dll": "Beetle VB",
  "mednafen_wswan_libretro.dll": "Beetle WonderSwan",
  "melonds_libretro.dll": "melonDS",
  "mesen-s_libretro.dll": "Mesen-S",
  "mesen_libretro.dll": "Mesen",
  "mgba_libretro.dll": "mGBA",
  "minivmac_libretro.dll": "Mini vMac",
  "mupen64plus_next_libretro.dll": "Mupen64Plus-Next",
  "mu_libretro.dll": "Mu",
  "nekop2_libretro.dll": "Neko Project II",
  "neocd_libretro.dll": "NeoCD",
  "nestopia_libretro.dll": "Nestopia",
  "o2em_libretro.dll": "O2EM",
  "openlara_libretro.dll": "OpenLara",
  "opera_libretro.dll": "Opera",
  "parallel_n64_libretro.dll": "ParaLLEl N64",
  "pcsx_rearmed_libretro.dll": "PCSX-ReARMed",
  "picodrive_libretro.dll": "PicoDrive",
  "pokemini_libretro.dll": "PokeMini",
  "potator_libretro.dll": "Potator",
  "ppsspp_libretro.dll": "PPSSPP",
  "prboom_libretro.dll": "PrBoom",
  "prosystem_libretro.dll": "ProSystem",
  "puae2021_libretro.dll": "PUAE",
  "puae_libretro.dll": "PUAE",
  "px68k_libretro.dll": "PX68K",
  "quasi88_libretro.dll": "QUASI88",
  "quicknes_libretro.dll": "QuickNES",
  "race_libretro.dll": "RACE",
  "sameboy_libretro.dll": "SameBoy",
  "same_cdi_libretro.dll": "SAME_CDI",
  "smsplus_libretro.dll": "SMS Plus GX",
  "snes9x2002_libretro.dll": "Snes9x 2002",
  "snes9x2005_libretro.dll": "Snes9x 2005",
  "snes9x2005_plus_libretro.dll": "Snes9x 2005 Plus",
  "snes9x2010_libretro.dll": "Snes9x 2010",
  "snes9x_libretro.dll": "Snes9x",
  "squirreljme_libretro.dll": "squirreljme",
  "stella2014_libretro.dll": "Stella 2014",
  "stella_libretro.dll": "Stella",
  "swanstation_libretro.dll": "SwanStation",
  "theodore_libretro.dll": "theodore",
  "tic80_libretro.dll": "TIC-80",
  "vba_next_libretro.dll": "VBA Next",
  "vecx_libretro.dll": "VecX",
  "vemulator_libretro.dll": "VeMUlator",
  "vice_x128_libretro.dll": "VICE x128",
  "vice_x64sc_libretro.dll": "VICE x64sc",
  "vice_x64_libretro.dll": "VICE x64",
  "vice_xcbm2_libretro.dll": "VICE xcbm2",
  "vice_xcbm5x0_libretro.dll": "VICE xcbm5x0",
  "vice_xpet_libretro.dll": "VICE xpet",
  "vice_xplus4_libretro.dll": "VICE xplus4",
  "vice_xscpu64_libretro.dll": "VICE xscpu64",
  "vice_xvic_libretro.dll": "VICE xvic",
  "virtualjaguar_libretro.dll": "Virtual Jaguar",
  "vitaquake3_libretro.dll": "vitaQuakeIII",
  "wasm4_libretro.dll": "WASM-4",
  "x1_libretro.dll": "x1",
  "xrick_libretro.dll": "xrick",
  "yabasanshiro_libretro.dll": "YabaSanshiro",
  "yabause_libretro.dll": "Yabause",
  "craft_libretro.dll": "Craft",
  "np2kai_libretro.dll": "Neko Project II kai",
  "scummvm_libretro.dll": "scummvm",
  "arduous_libretro.dll": "arduous",
  "atari800_libretro.dll": "Atari800",
  "blastem_libretro.dll": "BlastEm",
  "bsnes2014_accuracy_libretro.dll": "bsnes2014",
  "bsnes2014_balanced_libretro.dll": "bsnes2014",
  "bsnes2014_balanced_libretro.dll": "bsnes2014",
  "bsnes_cplusplus98_libretro.dll": "bSNES",
  "crocods_libretro.dll": "crocods",
  "FB Alpha 2012.dll": "FB Alpha 2012",
  "fbalpha2012_neogeo_libretro.dll": "FB Alpha 2012",
  "fbneo_libretro.dll": "FinalBurn Neo",
  "fceumm_libretro.dll": "FCEUmm",
  "fixgb_libretro.dll": "fixGB",
  "fixnes_libretro.dll": "fixNES",
  "freeintv_libretro.dll": "FreeIntv",
  "frodo_libretro.dll": "Frodo",
  "galaksija_libretro.dll": "galaksija",
  "gme_libretro.dll": "Game Music Emulator",
  "lowresnx_libretro.dll": "lowresnx",
  "lutro_libretro.dll": "lutro",
  "mame2003_libretro.dll": "MAME 2003 (0.78)",
  "mame2003_plus_libretro.dll": "MAME 2003-Plus", 
  "mednafen_pce_fast_libretro.dll": "Beetle PCE Fast",  
  "mednafen_pce_libretro.dll": "Beetle PCE",  
  "mednafen_snes_libretro.dll": "Beetle bsnes",  
  "meteor_libretro.dll": "Meteor",  
  "mojozork_libretro.dll": "mojozork", 
  "nxengine_libretro.dll": "NXEngine", 
  "oberon_libretro.dll": "Oberon",  
  "pcsx2_libretro.dll": "PCSX2",  
  "play_libretro.dll": "Play!",  
  "pocketcdg_libretro.dll": "PocketCDG",  
  "reminiscence_libretro.dll": "REminiscence",  
  "retro8_libretro.dll": "Retro8", 
  "sameduck_libretro.dll": "SameDuck",  
  "superbroswar_libretro.dll": "superbroswar",  
  "tgbdual_libretro.dll": "TGB Dual",  
  "thepowdertoy_libretro.dll": "ThePowderToy",  
  "tyrquake_libretro.dll": "TyrQuake",  
  "uzem_libretro.dll": "uzem", 
  "vaporspec_libretro.dll": "VaporSpec", 
  "vbam_libretro.dll": "VBA-M", 
  "vitaquake2-rogue_libretro.dll": "vitaQuake 2 [Rogue]", 
  "vitaquake2-xatrix_libretro.dll": "vitaQuake 2 [Xatrix]", 
  "vitaquake2-zaero_libretro.dll": "vitaQuake 2 [Zaero]", 
  "vitaquake2_libretro.dll": "vitaQuake 2"
  
}