{
    "3DO": "Panasonic-3DO.png",
    "Amiga": "Commodore-Amiga.png",
    "AmstradCPC": "Amstrad-CPC.png",
    "AmstradGX4000": "Amstrad-GX4000.png",
    "Atari2600": "Atari-2600.png",
    "Atari5200": "Atari-5200.png",
    "Atari7800": "Atari-7800.png",
    "Atari800": "Atari-800.png",
    "AtariJaguar": "Atari-Jaguar.png",
    "AtariLynx": "Atari-Lynx-Horizontal.png",
    "AtariST": "Atari-ST.png",
    "AtariXEGS": "Atari-XEGS.png",
    "Atomiswave": "Atomiswave.png",
    "C64": "Commodore-64.png",
    "CDIMONO1": "Philips-CD-i.png",
    "ChannelF": "Fairchild-Channel-F.png",
    "ColecoVision": "Colecovision.png",
    "Daphne": "Daphne.png",
    "Dreamcast": "Dreamcast.png",
    "FDS": "Nintendo-Famicom-Disk-System.png",
    "Famicom": "Nintendo-Famicom.png",
    "GB": "Nintendo-Game-Boy.png",
    "GBA": "Nintendo-Game-Boy-Advance.png",
    "GBC": "Nintendo-Game-Boy-Color.png",
    "GC": "Nintendo-GameCube.png",
    "GCEVectrex": "GCE-Vectrex.png",
    "GameGear": "Sega-Game-Gear.png",
    "Intellivision": "Intellivision.png",
    "MAME": "MAME-Horizontal.png",
    "MSX": "Microsoft-MSX.png",
    "MSX2": "Microsoft-MSX2.png",
    "MSX2Plus": "Microsoft-MSX2Plus.png",
    "MSXTurbo": "Microsoft-MSXTurbo.png",
    "MasterSystem": "Sega-Master-System.png",
    "Megadrive": "Sega-Mega-Drive.png",
    "N3DS": "Nintendo-3DS.png",
    "N64": "Nintendo-64.png",
    "N64DD": "Nintendo-64DD.png",
    "NDS": "Nintendo-DS.png",
    "NES": "Nintendo-Entertainment-System.png",
    "NG-CD": "SNK-Neo-Geo-CD.png",
    "NGP": "SNK-Neo-Geo-Pocket.png",
    "Naomi": "Naomi.png",
    "PC": "Microsoft-MS-DOS.png",
    "PCE-CD": "NEC-PC-Engine-CD.png",
    "PCEngine": "NEC-PC-Engine.png",
    "PCFX": "NEC-PC-FX.png",
    "PS2": "Sony-PlayStation-2.png",
    "PSP": "Sony-PSP.png",
    "PSX": "Sony-PlayStation.png",
    "Pico": "Sega-Pico.png",
    "SFC": "Nintendo-Super-Famicom.png",
    "SG-1000": "Sega-SG-1000.png",
    "SNES": "Super-Nintendo-Entertainment-System.png",
    "Saturn": "Sega-Saturn.png",
    "ScummVM": "ScummVM.png",
    "Sega32X": "Sega-32X.png",
    "SegaCD": "Sega-CD.png",
    "SufamiTurbo": "Bandai-Sufami-Turbo.png",
    "SuperGrafx": "NEC-SuperGrafx.png",
    "Supervision": "Watara-Supervision.png",
    "TG-CD": "NEC-TurboGrafx-CD.png",
    "TG16": "NEC-TurboGrafx-16.png",
    "Videopac": "Magnavox-Odyssey-2.png",
    "Virtualboy": "Nintendo-Virtual-Boy.png",
    "Wii": "Nintendo-Wii.png",
    "WonderSwan": "Bandai-WonderSwan-Horizontal.png",
    "WonderSwanColor": "Bandai-WonderSwan—Color-Horizontal.png",
    "X68000": "Sharp-X68000.png",
    "ZX81": "Sinclair-ZX-81.png",
    "ZXSpectrum": "Sinclair-ZX-Spectrum.png"
}